Issue id,Issue Type,Summary,Epic Name,Epic Link,Description,Priority,Story Points,Status,Assignee,Reporter,Components,Sprint,Labels
FDA-EPIC-1,Epic,Core Financial Reconciliation & Ingestion Engine,Reconciliation Engine,,Core data contracts and deterministic 3-way reconciliation engine matching Invoice vs PO vs Dock GRN.,High,,Done,backend.lead,po.lead,Core-Engine,FDA Sprint 1,epic;reconciliation;accounting
FDA-EPIC-2,Epic,Machine Learning Anomaly & Fraud Risk Scoring,ML Risk Scorer,,Unsupervised Isolation Forest anomaly detection engine scoring multivariate enterprise financial telemetry.,Highest,,Done,ml.lead,po.lead,ML-Service,FDA Sprint 1,epic;machine-learning;fraud-defense
FDA-EPIC-3,Epic,Corporate Governance Routing & Privacy Guardrails,Governance & Privacy,,Multi-tier corporate governance routing with dual USD/INR currency accounting and Responsible AI PII sanitization.,High,,Done,backend.lead,po.lead,Governance,FDA Sprint 1,epic;governance;privacy;dual-currency
FDA-EPIC-4,Epic,FastAPI Gateway Automated QA & CICD Pipeline,API & DevOps,,FastAPI REST API endpoints automated PyTest regression suite and GitHub Actions CI workflow.,High,,Done,qa.lead,sm.lead,API-Gateway,FDA Sprint 1,epic;fastapi;pytest;devops
FDA-101,Story,Enterprise Financial Data Contracts & Pydantic Schemas,,FDA-EPIC-1,"As an AP System Architect, I want strictly typed Pydantic v2 data models for Invoices, Purchase Orders, and Dock Receipts so that invalid formats and corrupted payloads are rejected before downstream processing.",High,2,Done,backend.lead,po.lead,Core-Engine,FDA Sprint 1,backend;pydantic-v2;data-contracts
FDA-102,Story,Deterministic 3-Way Reconciliation Service,,FDA-EPIC-1,"As a Finance Controller, I want automated 3-way matching between Vendor Invoices, ERP PO commitments, and warehouse dock GRN receipts so that price inflation and unreceived inventory are flagged immediately.",Highest,5,Done,backend.lead,po.lead,Core-Engine,FDA Sprint 1,reconciliation;accounting;core-logic
FDA-103,Story,Multivariate Isolation Forest ML Risk Scorer,,FDA-EPIC-2,"As a Corporate Risk Officer, I want an unsupervised Isolation Forest model trained on operational enterprise telemetry so that abnormal transactions, sudden price surges, new vendor spikes, and offshore tax haven entities are quantified into an actionable 0–100 risk score.",Highest,8,Done,ml.lead,po.lead,ML-Service,FDA Sprint 1,machine-learning;scikit-learn;anomaly-detection;fraud-defense
FDA-104,Story,Corporate Governance Router with Dual Currency (USD & INR),,FDA-EPIC-3,"As a Chief Financial Officer, I want audited transactions automatically routed to Tier 1 STP, Tier 2 Manager Review, or Tier 3 Director Signoff based on dual USD and INR thresholds (1 USD = ₹86.50 INR) so that high-capital disbursements require human oversight while low-risk orders clear automatically.",High,5,Done,backend.lead,po.lead,Governance,FDA Sprint 1,governance;dual-currency;hitl;inr-usd
FDA-105,Story,Responsible AI PII Privacy Masker Gate,,FDA-EPIC-3,"As a Data Compliance Officer, I want sensitive identifiers (Indian PAN, personal emails, bank accounts) scrubbed prior to storage or external API calls so that Linkific complies with DPDPA and GDPR standards.",High,3,Done,ml.lead,po.lead,Governance,FDA Sprint 1,responsible-ai;privacy;pii-masking;gdpr-dpdpa
FDA-106,Story,Production FastAPI Audit Gateway Endpoints,,FDA-EPIC-4,"As a Frontend Developer or ERP Integrator, I want standardized REST endpoints (/process, /ledger, /summary, /health/live, /health/ready) so that other enterprise services can integrate financial audits programmatically.",Medium,3,Done,backend.lead,sm.lead,API-Gateway,FDA Sprint 1,fastapi;rest-api;swagger;ledger
FDA-107,Story,Automated PyTest & System Regression Suite,,FDA-EPIC-4,"As a QA Lead, I want an automated test suite verifying unit logic, API endpoints, and system regressions so that code changes never break reconciliation accuracy or governance rules.",Highest,5,Done,qa.lead,sm.lead,QA,FDA Sprint 1,pytest;qa;regression;testclient
FDA-108,Story,Enterprise Realistic Benchmark Dataset,,FDA-EPIC-4,"As a System Validator, I want 5 realistic enterprise test invoices with known expected outcomes so that STP, Manager Review, Director Signoff, Discrepancies, and Fraud alerts can be validated deterministically.",Medium,2,Done,po.lead,po.lead,QA,FDA Sprint 1,dataset;benchmarks;json
FDA-109,Story,Interactive CLI Demonstration Runner,,FDA-EPIC-4,"As a Solutions Engineer, I want a single-command CLI script (python run_project.py) to execute batch audits on benchmark files and display results in a formatted terminal table.",Low,1,Done,backend.lead,sm.lead,Core-Engine,FDA Sprint 1,cli;demonstration;runner
FDA-110,Task,GitHub Actions CI/CD Pipeline Configuration,,FDA-EPIC-4,"Configure .github/workflows/ci.yml to automatically install dependencies, execute 20/20 PyTest tests, and compile Python source code on every push and PR.",Medium,1,Done,qa.lead,sm.lead,DevOps,FDA Sprint 1,github-actions;ci-cd;devops
